-- phpMyAdmin SQL Dump
-- version 5.2.1
-- https://www.phpmyadmin.net/
--
-- Máy chủ: localhost
-- Thời gian đã tạo: Th3 20, 2024 lúc 03:01 AM
-- Phiên bản máy phục vụ: 8.0.31
-- Phiên bản PHP: 7.4.33

SET SQL_MODE = "NO_AUTO_VALUE_ON_ZERO";
START TRANSACTION;
SET time_zone = "+00:00";


/*!40101 SET @OLD_CHARACTER_SET_CLIENT=@@CHARACTER_SET_CLIENT */;
/*!40101 SET @OLD_CHARACTER_SET_RESULTS=@@CHARACTER_SET_RESULTS */;
/*!40101 SET @OLD_COLLATION_CONNECTION=@@COLLATION_CONNECTION */;
/*!40101 SET NAMES utf8mb4 */;

--
-- Cơ sở dữ liệu: `test10`
--

-- --------------------------------------------------------

--
-- Cấu trúc bảng cho bảng `ingredients`
--

CREATE TABLE `ingredients` (
  `id` int NOT NULL,
  `isActive` tinyint(1) NOT NULL DEFAULT '1',
  `category` enum('EMMP','FAO','FRU','GNBK','HRBS','MSF','OTHR','PRP','VEGI') CHARACTER SET utf8mb4 COLLATE utf8mb4_general_ci NOT NULL COMMENT 'Eggs, milk and milk products: EMMP;  Fats and oils: FAO; Fruits: FRU; Grain, nuts and baking products: GNBK; Herbs and spices: HRBS ; Meat, sausages and fish: MSF; Others: OTHR; Pasta, rice and pulses: PRP; Vegetables: VEGI;',
  `measurement_description` enum('tsp','cup','tbsp','g','lb','can','oz','unit') CHARACTER SET utf8mb4 COLLATE utf8mb4_general_ci DEFAULT NULL,
  `name` varchar(255) CHARACTER SET utf8mb4 COLLATE utf8mb4_general_ci DEFAULT NULL,
  `calcium` float DEFAULT NULL,
  `calories` float DEFAULT NULL,
  `carbohydrate` float DEFAULT NULL,
  `cholesterol` float DEFAULT NULL,
  `fiber` float DEFAULT NULL,
  `iron` float DEFAULT NULL,
  `fat` float DEFAULT NULL,
  `monounsaturated_fat` float DEFAULT NULL,
  `polyunsaturated_fat` float DEFAULT NULL,
  `saturated_fat` float DEFAULT NULL,
  `potassium` float DEFAULT NULL,
  `protein` float DEFAULT NULL,
  `sodium` float DEFAULT NULL,
  `sugar` float DEFAULT NULL,
  `vitamin_a` float DEFAULT NULL,
  `vitamin_c` float DEFAULT NULL
) ENGINE=InnoDB DEFAULT CHARSET=utf8mb4 COLLATE=utf8mb4_general_ci;

--
-- Đang đổ dữ liệu cho bảng `ingredients`
--

INSERT INTO `ingredients` (`id`, `category`, `measurement_description`, `name`, `calcium`, `calories`, `carbohydrate`, `cholesterol`, `fiber`, `iron`, `fat`, `monounsaturated_fat`, `polyunsaturated_fat`, `saturated_fat`, `potassium`, `protein`, `sodium`, `sugar`, `vitamin_a`, `vitamin_c`) VALUES
(1, 'MSF', 'g', 'Chicken Breast', 12.5, 165, 0, 75, 0, 1.2, 3.6, 1, 0.5, 1.2, 250, 31, 75, 0, 0, 0),
(2, 'VEGI', 'g', 'Mixed Vegetables', 20, 50, 10, 0, 2, 0.8, 0.5, 0.3, 0.2, 0.4, 200, 5, 50, 3, 20, 10),
(3, 'OTHR', 'tbsp', 'Soy Sauce', 2, 10, 1, 0, 0, 0.2, 0.1, 0.1, 0, 0.1, 50, 1, 200, 2, 0, 0),
(4, 'OTHR', 'tbsp', 'Cornstarch', 0, 30, 7, 0, 0, 0.1, 0, 0, 0, 0, 10, 0, 0, 0, 0, 0),
(5, 'MSF', 'g', 'Shrimp', 50, 120, 0, 150, 0, 2.5, 2, 0.5, 0.5, 0.5, 180, 20, 200, 0, 0, 0),
(6, 'VEGI', 'unit', 'Cucumber', 20, 15, 3, 0, 1, 0.5, 0.1, 0.1, 0.1, 0.1, 120, 1, 5, 1, 10, 15),
(7, 'OTHR', 'tbsp', 'Lime Juice', 2, 10, 2, 0, 0, 0.1, 0.1, 0, 0, 0, 50, 0, 0, 2, 0, 30),
(8, 'HRBS', 'unit', 'Chili Pepper', 0, 5, 1, 0, 0, 0.1, 0, 0, 0, 0, 30, 0, 0, 1, 5, 10),
(9, 'PRP', 'can', 'Black Beans', 80, 100, 20, 0, 5, 2.5, 0.5, 0.5, 0.5, 0.5, 500, 7, 200, 1, 10, 0),
(10, 'VEGI', 'cup', 'Corn', 1, 120, 26, 0, 3, 1, 0.5, 0.5, 0.5, 0.5, 250, 4, 5, 10, 0, 8),
(11, 'VEGI', 'unit', 'Tomato', 8, 20, 4, 0, 1, 0.5, 0.1, 0.1, 0.1, 0.1, 100, 1, 10, 2, 15, 20),
(12, 'HRBS', 'cup', 'Cilantro', 16, 5, 0, 0, 0, 0.1, 0, 0, 0, 0, 50, 1, 0, 0, 10, 15),
(13, 'VEGI', 'unit', 'Onion', 4, 20, 5, 0, 1, 0.5, 0.1, 0.1, 0.1, 0.1, 100, 1, 5, 2, 5, 10),
(14, 'OTHR', 'tbsp', 'Lime Juice', 2, 10, 2, 0, 0, 0.1, 0.1, 0, 0, 0, 50, 0, 0, 2, 0, 30),
(15, 'OTHR', 'tbsp', 'Olive Oil', 0, 120, 0, 0, 0, 14, 1, 10, 2, 1, 0, 0, 0, 0, 0, 0),
(16, 'VEGI', 'unit', 'Eggplant', 22, 20, 5, 0, 1, 0.5, 0.1, 0.1, 0.1, 0.1, 150, 1, 5, 2, 5, 10),
(17, 'OTHR', 'tbsp', 'Tahini', 2, 90, 3, 0, 1, 8, 1.5, 5, 1, 1, 50, 3, 10, 1, 0, 0),
(18, 'HRBS', 'unit', 'Garlic', 2, 5, 1, 0, 0, 0.1, 0, 0, 0, 0, 10, 0, 0, 0, 0, 0),
(19, 'OTHR', 'tbsp', 'Lemon Juice', 1, 5, 2, 0, 0, 0.1, 0.1, 0, 0, 0, 30, 0, 0, 2, 10, 20),
(20, 'OTHR', 'tbsp', 'Olive Oil', 0, 120, 0, 0, 0, 14, 1, 10, 2, 1, 0, 0, 0, 0, 0, 0),
(26, 'OTHR', 'unit', 'Pickle', 0, 5, 1, 0, 0, 0.1, 0, 0, 0, 0, 10, 0, 100, 1, 0, 0),
(27, 'OTHR', 'cup', 'Flour', 1, 455, 95, 0, 3, 3.4, 0.4, 0.1, 0.1, 0.6, 30, 13, 0, 1, 0, 0),
(28, 'OTHR', 'cup', 'Breadcrumbs', 2, 455, 95, 0, 3, 3.4, 0.4, 0.1, 0.1, 0.6, 30, 13, 0, 1, 0, 0),
(29, 'OTHR', 'unit', 'Egg', 12, 70, 0, 185, 0, 5, 1.5, 1, 1.5, 70, 6, 70, 0, 0, 0, 0),
(30, 'OTHR', 'tbsp', 'Cajun Seasoning', 0, 15, 0, 0, 0, 0.1, 0, 0, 0, 0, 0, 0, 400, 0, 0, 0),
(31, 'OTHR', 'cup', 'Black Beans (cooked)', 25, 227, 41, 0, 15, 3.6, 0.9, 0.5, 0.2, 0.5, 740, 15, 1, 0, 0, 0),
(32, 'OTHR', 'cup', 'Corn', 0, 132, 30, 0, 3, 1.5, 0.6, 0.2, 0.3, 0.6, 270, 5, 11, 6, 0, 10),
(33, 'VEGI', 'unit', 'Tomato (diced)', 6, 22, 5, 0, 1, 0.6, 0.1, 0.1, 0, 0.1, 237, 1, 6, 3, 8, 16),
(34, 'VEGI', 'unit', 'Red Onion (diced)', 4, 10, 2, 0, 0.2, 0.1, 0, 0, 0, 0, 60, 0, 1, 2, 0, 5),
(35, 'HRBS', 'cup', 'Cilantro (chopped)', 3, 1, 0, 0, 0.1, 0, 0, 0, 0, 0, 0, 0, 1, 0, 1, 12),
(36, 'VEGI', 'unit', 'Avocado (diced)', 10, 234, 12, 0, 10, 21.4, 15.3, 2.9, 2.6, 3.3, 708, 3, 11, 0, 4, 20),
(37, 'OTHR', 'tbsp', 'Olive Oil', 0, 119, 0, 0, 0, 13.5, 9.9, 1.4, 1.9, 0.5, 0, 0, 0, 0, 0, 0),
(38, 'OTHR', 'unit', 'Lime (juiced)', 2, 8, 3, 0, 0.1, 0.1, 0, 0, 0, 0, 23, 0, 0, 0, 0, 14),
(39, 'OTHR', 'tsp', 'Garlic (minced)', 2, 4, 1, 0, 0.1, 0.1, 0, 0, 0, 0, 1, 0, 0, 0, 0, 2),
(40, 'OTHR', 'tsp', 'Cumin', 8, 8, 1, 0, 0.4, 0.5, 0.2, 0, 0.1, 0, 22, 0, 1, 0, 1, 0),
(41, 'OTHR', 'tsp', 'Salt', 0, 0, 0, 0, 0, 0, 0, 0, 0, 0, 0, 0, 0, 0, 0, 0),
(42, 'OTHR', 'tsp', 'Pepper', 1, 5, 1, 0, 0.3, 0.1, 0, 0, 0.1, 0, 17, 0, 1, 0, 1, 8),
(43, 'MSF', 'can', 'Salmon (canned, drained)', 120, 157, 0, 47, 0, 0.8, 6.9, 2.5, 1, 0.4, 295, 23, 440, 0, 0, 0),
(44, 'OTHR', 'unit', 'Egg (beaten)', 25, 72, 0.4, 186, 0, 4.8, 1.6, 2, 1.6, 0.7, 63, 6, 71, 0.1, 5, 0),
(45, 'OTHR', 'cup', 'Breadcrumbs', 34, 455, 95, 0, 3, 3.4, 0.4, 0.1, 0.1, 0.6, 30, 13, 0, 1, 0, 0),
(46, 'VEGI', 'unit', 'Onion (diced)', 2, 4, 1, 0, 0.1, 0.1, 0, 0, 0, 0, 2, 0, 1, 2, 0, 5),
(47, 'HRBS', 'cup', 'Parsley (chopped)', 14, 11, 2, 0, 0.8, 0.5, 0.1, 0, 0.1, 0.1, 79, 1, 6, 0.3, 0, 133),
(48, 'OTHR', 'tbsp', 'Lemon Juice', 6, 4, 1, 0, 0.1, 0, 0, 0, 0, 0, 2, 0, 0, 0.1, 0, 8),
(49, 'OTHR', 'tbsp', 'Dijon Mustard', 4, 15, 0.9, 0, 0.1, 1.1, 0.6, 0.6, 0.1, 0.1, 17, 1, 140, 0.1, 0, 0),
(50, 'OTHR', 'tsp', 'Salt', 0, 0, 0, 0, 0, 0, 0, 0, 0, 0, 0, 0, 0, 0, 0, 0),
(51, 'OTHR', 'tsp', 'Pepper', 0, 5, 1, 0, 0.3, 0.1, 0, 0, 0.1, 0, 17, 0, 1, 0, 1, 8),
(52, 'OTHR', 'cup', 'Oil (for frying)', 0, 1927, 0, 0, 0, 218, 14, 31, 186, 20, 0, 0, 0, 0, 0, 0),
(60, 'OTHR', 'unit', 'Egg (hard-cooked and chopped)', 28, 78, 0.6, 186, 0, 5.3, 5.3, 1.6, 1.6, 2, 63, 6, 62, 0.6, 270, 0),
(61, 'OTHR', 'cup', 'Mayonnaise', 8, 916, 1.6, 126, 0, 101.2, 15, 12, 16.1, 3.9, 0, 1, 844, 1.3, 204, 0),
(62, 'OTHR', 'tsp', 'Mustard', 5, 3, 0.6, 0, 0.2, 0.1, 0, 0, 0, 0, 3, 0, 57, 0.2, 6, 0),
(63, 'VEGI', 'unit', 'Celery (diced)', 10, 6, 1.2, 0, 0.6, 0.1, 0.1, 0, 0, 0, 37, 0, 32, 0.6, 75, 3),
(64, 'HRBS', 'tbsp', 'Chives (chopped)', 8, 1, 0.1, 0, 0.1, 0.1, 0, 0, 0, 0, 3, 0, 1, 0, 435, 58),
(65, 'OTHR', 'tsp', 'Salt', 0, 0, 0, 0, 0, 0, 0, 0, 0, 0, 0, 0, 1163, 0, 0, 0),
(66, 'OTHR', 'tsp', 'Pepper', 0, 5, 1, 0, 0.3, 0.1, 0, 0, 0.1, 0, 17, 0, 1, 0, 1, 8),
(72, 'VEGI', 'unit', 'Potatoes (mashed)', 20, 90, 21, 0, 2.2, 0.7, 0.6, 0.1, 0.2, 0.1, 620, 2, 15, 1.1, 0, 19),
(73, 'MSF', 'lb', 'Ground Beef', 0, 977, 0, 287, 0, 65.6, 26.4, 3, 34.3, 19.8, 608, 100, 249, 0, 0, 0),
(74, 'VEGI', 'unit', 'Onion (chopped)', 20, 64, 15, 0, 2.7, 0.2, 0.1, 0, 0, 0, 146, 1, 4, 6.8, 0, 10),
(75, 'HRBS', 'tbsp', 'Garlic (minced)', 13, 4, 1, 0, 0.1, 0.1, 0, 0, 0, 0, 5, 0, 1, 0.1, 1, 3),
(76, 'OTHR', 'tsp', 'Spices (e.g., paprika, cumin)', 4, 5, 1, 0, 0.3, 0.3, 0.2, 0.1, 0.1, 0.1, 25, 0, 3, 0, 6, 1),
(77, 'OTHR', 'unit', 'Phyllo Pastry Sheets', 0, 460, 64, 0, 3, 7, 2.5, 1, 5, 0, 0, 9, 7, 4, 0, 0),
(78, 'OTHR', 'tbsp', 'Butter (melted)', 3, 102, 0, 31, 0, 11.5, 7.3, 4.6, 0, 0.4, 0, 3, 0, 82, 0, 491),
(79, 'MSF', 'oz', 'Cheese (mozzarella)', 505, 85, 1.6, 28, 0, 0, 6.3, 3.7, 0.2, 2.2, 46, 6, 176, 0, 5, 0),
(80, 'OTHR', 'cup', 'Breadcrumbs', 24, 455, 95, 0, 3, 3.4, 0.4, 0.1, 0.1, 0.6, 30, 13, 0, 1, 0, 0),
(81, 'OTHR', 'cup', 'Parmesan Cheese (grated)', 416, 431, 3.8, 123, 0, 0, 28.4, 11.1, 1.6, 6.6, 138, 32, 1354, 0, 0, 0),
(82, 'OTHR', 'unit', 'Egg', 12, 70, 0, 185, 0, 5, 1.5, 1, 1.5, 70, 6, 70, 0, 0, 0, 0),
(83, 'OTHR', 'tsp', 'Italian Seasoning', 28, 5, 1, 0, 0.3, 0.2, 0.1, 0.1, 0.1, 0.1, 19, 0, 1, 0, 3, 0),
(84, 'VEGI', 'unit', 'Jalapenos', 14, 4, 0.9, 0, 0.5, 0.2, 0.1, 0.1, 0.1, 0, 148, 0.2, 1, 0.7, 6, 66),
(85, 'OTHR', 'oz', 'Cream Cheese', 24, 51, 1.6, 16, 0, 0.1, 5.1, 3.3, 0.2, 2.1, 49, 0.9, 50, 1.6, 165, 0),
(86, 'OTHR', 'unit', 'Bacon', 0, 43, 0.1, 10, 0, 0.1, 3.5, 1.4, 1.7, 1.6, 43, 3, 137, 0, 0, 0),
(87, 'MSF', 'lb', 'Ground Turkey', 25, 1024, 0, 294, 0, 72.8, 24.5, 5.9, 34.2, 14.6, 1319, 158, 343, 0, 0, 0),
(88, 'OTHR', 'unit', 'Onion (diced)', 24, 64, 15, 0, 2.7, 0.2, 0.1, 0, 0, 0, 146, 1, 4, 6.8, 0, 10),
(89, 'HRBS', 'tbsp', 'Garlic (minced)', 13, 4, 1, 0, 0.1, 0.1, 0, 0, 0, 0, 5, 0, 1, 0.1, 1, 3),
(90, 'OTHR', 'tbsp', 'Olive Oil', 0, 119, 0, 0, 0, 13.5, 9.9, 1.4, 0, 1.8, 0, 0, 0, 0, 0, 0),
(91, 'OTHR', 'oz', 'Chili Powder', 87, 103, 18, 8, 8, 2.6, 3.5, 1.3, 0.7, 0.3, 458, 5, 230, 3.8, 2640, 50),
(92, 'OTHR', 'tbsp', 'Cumin', 33, 23, 1, 1, 0.4, 0.4, 1.4, 0.2, 0.1, 0, 107, 1, 14, 0, 8, 0),
(93, 'OTHR', 'tbsp', 'Paprika', 20, 20, 4, 0, 1.6, 1, 0.9, 0.3, 0.1, 0, 228, 0, 1, 0, 3381, 9),
(94, 'OTHR', 'can', 'Diced Tomatoes', 88, 90, 6, 0, 2, 1, 0, 0, 0, 0, 190, 2, 380, 4, 2100, 120),
(95, 'OTHR', 'can', 'Tomato Sauce', 40, 86, 20, 0, 4, 1, 0, 0, 0, 0, 700, 4, 400, 12, 4200, 300),
(96, 'OTHR', 'can', 'Kidney Beans', 70, 330, 60, 0, 20, 4, 0, 1, 1, 0, 500, 20, 960, 0, 0, 0),
(97, 'MSF', 'lb', 'Minced Chicken', 4, 935, 0, 287, 0, 48.3, 12.3, 5.6, 11.1, 16.6, 1200, 101, 275, 0, 0, 0),
(98, 'OTHR', 'cup', 'Onion (diced)', 24, 64, 15, 0, 2.7, 0.2, 0.1, 0, 0, 0, 146, 1, 4, 6.8, 0, 10),
(99, 'HRBS', 'cup', 'Carrots (diced)', 20, 52, 12, 0, 3.6, 0.4, 0.1, 0, 0, 0, 212, 1, 42, 6, 270, 10),
(100, 'VEGI', 'cup', 'Water Chestnuts (sliced)', 20, 78, 17, 0, 3.3, 0.6, 0.3, 0.1, 0, 0, 214, 1, 1, 3, 0, 5),
(101, 'OTHR', 'tbsp', 'Soy Sauce', 5, 8, 0, 0, 0, 0.4, 0.1, 0, 0, 0.1, 135, 1, 920, 0, 0, 0),
(102, 'OTHR', 'tbsp', 'Hoisin Sauce', 4, 42, 8, 0, 0.1, 0.5, 0.1, 0, 0, 0.1, 54, 1, 283, 6, 0, 0),
(103, 'OTHR', 'tbsp', 'Sesame Oil', 0, 120, 0, 0, 0, 13.5, 9.9, 1.4, 0, 1.8, 0, 0, 0, 0, 0, 0),
(104, 'HRBS', 'tbsp', 'Green Onions (chopped)', 20, 4, 1, 0, 0.1, 0.1, 0, 0, 0, 0, 5, 0, 1, 0.1, 1, 3),
(105, 'OTHR', 'cup', 'Couscous', 7, 176, 36, 0, 2, 2, 0.2, 0.1, 0, 0, 58, 6, 9, 0, 0, 0),
(106, 'FRU', 'cup', 'Dried Cranberries', 4, 352, 93, 0, 5, 0.2, 0.2, 0.1, 0.1, 0, 0, 1, 2, 85, 0, 0),
(107, 'FRU', 'unit', 'Orange (segments)', 10, 62, 15, 0, 1.5, 0.2, 0, 0, 0, 0, 124, 1, 0, 9, 14, 85),
(108, 'HRBS', 'cup', 'Parsley (chopped)', 14, 11, 2, 0, 1, 0.9, 0.3, 0.1, 0, 0, 156, 1, 22, 0.2, 8427, 133),
(109, 'OTHR', 'tbsp', 'Olive Oil', 0, 119, 0, 0, 0, 13.5, 9.9, 1.4, 0, 1.8, 0, 0, 0, 0, 0, 0),
(110, 'FRU', 'tbsp', 'Orange Juice', 1, 8, 2, 0, 0, 0.1, 0.1, 0, 0, 0, 25, 0, 0, 1.8, 5, 23),
(111, 'FRU', 'tbsp', 'Lemon Juice', 1, 4, 1, 0, 0.1, 0, 0, 0, 0, 0, 11, 0, 0, 0.2, 0, 7),
(112, 'OTHR', 'tbsp', 'Honey', 1, 64, 17, 0, 0, 0.1, 0.1, 0, 0, 0, 11, 0, 1, 17, 0, 0),
(113, 'OTHR', 'tsp', 'Salt', 0, 0, 0, 0, 0, 0, 0, 0, 0, 0, 0, 0, 2000, 0, 0, 0),
(114, 'OTHR', 'tsp', 'Pepper', 0, 0, 0, 0, 0, 0, 0, 0, 0, 0, 0, 0, 0, 0, 0, 0),
(118, 'MSF', 'lb', 'Ground Turkey', 25, 1024, 0, 294, 0, 72.8, 24.5, 5.9, 34.2, 14.6, 1319, 158, 343, 0, 0, 0),
(119, 'OTHR', 'cup', 'Breadcrumbs', 44, 430, 77, 0, 3.5, 5.9, 4.6, 0.8, 1.9, 0.8, 94, 13, 948, 4.1, 0, 0),
(120, 'VEGI', 'unit', 'Onion (chopped)', 20, 64, 15, 0, 2.7, 0.2, 0.1, 0, 0, 0, 146, 1, 4, 6.8, 0, 10),
(121, 'HRBS', 'tbsp', 'Garlic (minced)', 13, 4, 1, 0, 0.1, 0.1, 0, 0, 0, 0, 5, 0, 1, 0.1, 1, 3),
(122, 'OTHR', 'tbsp', 'Ketchup', 9, 19, 5, 0, 0.1, 0.2, 0, 0, 0, 0, 61, 0, 155, 4.1, 60, 0),
(123, 'OTHR', 'tbsp', 'Worcestershire Sauce', 4, 13, 2, 0, 0, 0.1, 0.1, 0, 0, 0, 65, 0, 1348, 1.6, 58, 0),
(124, 'OTHR', 'unit', 'Egg', 25, 72, 0.4, 186, 0, 4.8, 1.6, 1.6, 2.1, 0.6, 69, 6, 71, 0.1, 244, 0),
(125, 'OTHR', 'tsp', 'Salt', 0, 0, 0, 0, 0, 0, 0, 0, 0, 0, 0, 0, 2000, 0, 0, 0),
(126, 'OTHR', 'tsp', 'Pepper', 0, 0, 0, 0, 0, 0, 0, 0, 0, 0, 0, 0, 0, 0, 0, 0),
(131, 'MSF', 'lb', 'Cooked Chicken Breast', 0, 164, 0, 73, 0, 0.7, 3.6, 0.6, 0.9, 0.8, 232, 31, 74, 0, 0, 0),
(132, 'VEGI', 'cup', 'Celery (diced)', 37, 16, 3, 0, 1.6, 0.2, 0.1, 0.1, 0.1, 0, 104, 0, 80, 1.8, 449, 3),
(133, 'VEGI', 'unit', 'Red Onion (diced)', 13, 46, 11, 0, 1.8, 0.2, 0.1, 0.1, 0.1, 0, 146, 1, 4, 6.8, 0, 10),
(134, 'HRBS', 'cup', 'Fresh Parsley (chopped)', 20, 22, 4, 0, 2, 1, 0.5, 0.4, 0.1, 0, 303, 1, 2, 0.4, 4210, 133),
(135, 'FRU', 'cup', 'Grapes (halved)', 10, 52, 13, 0, 0.8, 0.3, 0.2, 0, 0.1, 0.1, 288, 0, 2, 12, 50, 2),
(136, 'OTHR', 'cup', 'Mayonnaise', 12, 916, 8, 129, 0.1, 1.4, 103, 16.7, 21.3, 2.9, 11, 1, 1023, 7.6, 0, 2),
(137, 'OTHR', 'cup', 'Greek Yogurt', 19, 59, 3, 3, 0, 0, 0.1, 0.1, 0, 0, 77, 10, 36, 3.6, 0, 1),
(138, 'OTHR', 'tbsp', 'Lemon Juice', 3, 4, 1, 0, 0, 0, 0, 0, 0, 0, 5, 0, 0, 0.1, 6, 15),
(139, 'OTHR', 'tbsp', 'Dijon Mustard', 9, 21, 0.8, 0, 0.2, 0.6, 1.3, 0.4, 0.2, 0.1, 47, 1, 140, 0.2, 5, 1),
(140, 'OTHR', 'tsp', 'Salt', 0, 0, 0, 0, 0, 0, 0, 0, 0, 0, 0, 0, 2000, 0, 0, 0),
(141, 'OTHR', 'tsp', 'Pepper', 0, 0, 0, 0, 0, 0, 0, 0, 0, 0, 0, 0, 0, 0, 0, 0),
(146, 'PRP', 'cup', 'Cooked Lentils', 18, 230, 40, 0, 16, 3.3, 0.8, 0.4, 0.7, 0.1, 369, 18, 4, 1, 0, 2),
(147, 'PRP', 'can', 'Garbanzo Beans (drained and rinsed)', 50, 269, 45, 0, 13, 5, 4.2, 1.2, 2.4, 0.6, 477, 15, 15, 0, 0, 0),
(148, 'VEGI', 'cup', 'Cucumber (diced)', 14, 8, 2, 0, 0.3, 0.1, 0, 0, 0, 0, 76, 0, 1, 1.9, 52, 8),
(149, 'VEGI', 'cup', 'Red Bell Pepper (diced)', 8, 19, 4, 0, 1.5, 0.4, 0.2, 0.1, 0.1, 0, 156, 1, 3, 2.4, 3427, 152),
(150, 'HRBS', 'cup', 'Fresh Cilantro (chopped)', 31, 2, 0.3, 0, 0.1, 0.1, 0, 0, 0, 0, 15, 0, 1, 0.1, 6748, 1),
(151, 'VEGI', 'unit', 'Green Onion (sliced)', 10, 4, 1, 0, 0.3, 0.1, 0, 0, 0, 0, 38, 0, 2, 0.4, 525, 8),
(152, 'OTHR', 'cup', 'Olive Oil', 0, 119, 0, 0, 0, 13.5, 9.9, 1.4, 0, 1.8, 0, 0, 0, 0, 0, 0),
(153, 'OTHR', 'cup', 'Lemon Juice', 3, 4, 1, 0, 0, 0, 0, 0, 0, 0, 5, 0, 0, 0.1, 6, 15),
(154, 'OTHR', 'tbsp', 'Dijon Mustard', 9, 21, 0.8, 0, 0.2, 0.6, 1.3, 0.4, 0.2, 0.1, 47, 1, 140, 0.2, 5, 1),
(155, 'OTHR', 'tbsp', 'Minced Garlic', 5, 4, 1, 0, 0.1, 0.1, 0, 0, 0, 0, 12, 0, 1, 0.1, 0, 1),
(156, 'OTHR', 'tsp', 'Salt', 0, 0, 0, 0, 0, 0, 0, 0, 0, 0, 0, 0, 2000, 0, 0, 0),
(157, 'OTHR', 'tsp', 'Pepper', 0, 0, 0, 0, 0, 0, 0, 0, 0, 0, 0, 0, 0, 0, 0, 0),
(158, 'MSF', 'lb', 'Shrimp (peeled and deveined)', 97, 554, 2.2, 590, 0, 11.8, 12.4, 1.6, 0.3, 1.5, 214, 111, 420, 0, 0, 11),
(159, 'VEGI', 'unit', 'Bell Pepper (sliced)', 9, 24, 5.4, 0, 1.9, 0.8, 0.1, 0, 0, 0, 114, 0.9, 3, 3.9, 0, 152),
(160, 'VEGI', 'unit', 'Onion (sliced)', 8, 44, 10.4, 0, 1.2, 0.1, 0, 0, 0, 0, 146, 1.2, 4, 4.7, 0, 7),
(161, 'HRBS', 'tbsp', 'Garlic (minced)', 5, 4, 1, 0, 0.1, 0.1, 0, 0, 0, 0, 5, 0.2, 1, 0.1, 1, 3),
(162, 'OTHR', 'tbsp', 'Olive Oil', 0, 119, 0, 0, 0, 13.5, 9.9, 1.4, 0, 1.8, 0, 0, 0, 0, 0, 0),
(163, 'OTHR', 'oz', 'Cajun Seasoning', 15, 87, 18, 0, 7, 1, 0, 1, 0, 0, 330, 5, 1780, 1, 3325, 123),
(164, 'OTHR', 'can', 'Diced Tomatoes', 88, 90, 6, 0, 2, 1, 0, 0, 0, 0, 190, 2, 380, 4, 2100, 120),
(165, 'OTHR', 'can', 'Tomato Sauce', 40, 86, 20, 0, 4, 1, 0, 0, 0, 0, 700, 4, 400, 12, 4200, 300),
(166, 'OTHR', 'cup', 'Pasta', 3, 220, 43.2, 0, 1.9, 2.1, 0.7, 0.5, 0.2, 0.1, 29, 8, 3, 0, 0, 0),
(167, 'HRBS', 'tbsp', 'Parsley (chopped)', 79, 11, 2.2, 0, 1.3, 0.8, 0.6, 0.2, 0, 0, 203, 0.9, 4, 0.3, 4213, 133),
(168, 'MSF', 'lb', 'Chicken Breast (diced)', 8, 165, 0, 84, 0, 0.9, 3.6, 0.9, 0.6, 0.9, 256, 31, 74, 0, 20, 0),
(169, 'VEGI', 'lb', 'Asparagus Spears', 27, 20, 3.9, 0, 2.1, 2.2, 0.2, 0.1, 0.1, 0, 202, 2.2, 2, 1.4, 756, 13),
(170, 'OTHR', 'lb', 'Ziti Pasta', 18, 220, 43.2, 0, 1.9, 2.1, 0.7, 0.5, 0.2, 0.1, 29, 8, 3, 0, 0, 0),
(171, 'OTHR', 'cup', 'Alfredo Sauce', 73, 99, 1.5, 28, 0, 0.2, 10, 5.8, 2.2, 0.4, 58, 1.3, 221, 1.2, 1441, 3),
(172, 'OTHR', 'cup', 'Olive Oil', 0, 119, 0, 0, 0, 13.5, 9.9, 1.4, 0, 1.8, 0, 0, 0, 0, 0, 0),
(173, 'OTHR', 'tbsp', 'Parmesan Cheese (grated)', 138, 22, 0.9, 8, 0, 0.1, 1.4, 1.4, 0.2, 0.1, 50, 1.9, 168, 0.1, 169, 0),
(174, 'OTHR', 'cup', 'Marinara Sauce', 24, 100, 20, 0, 4, 2, 0.5, 0, 0, 0, 0, 2, 300, 12, 0, 15),
(175, 'OTHR', 'cup', 'Milk', 28, 122, 11, 10, 0, 0, 7, 3.5, 0.5, 2, 406, 8, 110, 11, 395, 0),
(176, 'OTHR', 'cup', 'Cheddar Cheese (shredded)', 305, 440, 2, 120, 0, 0, 37, 16, 1, 22, 61, 26, 700, 1, 25, 0),
(177, 'VEGI', 'cup', 'Red Bell Pepper (diced)', 6, 46, 9, 0, 3, 1, 0.5, 0.1, 0.2, 0, 211, 1.5, 2, 6, 1577, 95),
(178, 'VEGI', 'cup', 'Red Onion (sliced)', 7, 46, 11, 0, 2, 0.2, 0.1, 0, 0, 0, 116, 1.5, 2, 5, 28, 9),
(179, 'OTHR', 'cup', 'Olive Oil', 0, 119, 0, 0, 0, 13.5, 9.9, 1.4, 0, 1.8, 0, 0, 0, 0, 0, 0),
(180, 'OTHR', 'cup', 'Red Wine Vinegar', 3, 28, 0.2, 0, 0, 0.1, 0, 0, 0, 0, 8, 0, 2, 1, 0, 1),
(181, 'OTHR', 'tbsp', 'Dijon Mustard', 0, 15, 0.5, 0, 0, 0.6, 1, 0.5, 0, 0, 0.1, 11, 0.9, 177, 0.1, 3),
(182, 'OTHR', 'tbsp', 'Honey', 1, 64, 17, 0, 0.1, 0.1, 0, 0, 0, 0, 11, 0.1, 1, 17, 0, 0),
(183, 'OTHR', 'tbsp', 'Fresh Parsley (chopped)', 16, 1, 0.2, 0, 0.1, 0.1, 0, 0, 0, 0, 15, 0.1, 1, 0.1, 1548, 42),
(184, 'VEGI', 'unit', 'Bell Peppers (large)', 22, 33, 7.6, 0, 2.5, 0.5, 0.3, 0.1, 0.2, 0.1, 293, 1.3, 3, 3.9, 3726, 209),
(185, 'OTHR', 'cup', 'Quinoa (cooked)', 31, 222, 39.4, 0, 2.6, 3.6, 3.6, 0.6, 1.7, 0.3, 318, 8.1, 13, 0, 0, 0),
(186, 'VEGI', 'cup', 'Black Beans (cooked)', 46, 227, 40.8, 0, 15, 0.9, 0.2, 0, 0, 0, 611, 15.2, 2, 0.5, 0, 0),
(187, 'VEGI', 'cup', 'Corn Kernels (cooked)', 2, 132, 29.7, 0, 3.6, 0.7, 1.5, 0.5, 0.2, 0.1, 270, 4.7, 15, 6.8, 1006, 0),
(188, 'HRBS', 'tbsp', 'Cilantro (chopped)', 2, 0, 0, 0, 0, 0, 0, 0, 0, 0, 0, 0, 0, 0, 0, 0),
(197, 'OTHR', 'tbsp', 'Olive Oil', 1, 119, 0, 0, 0, 0, 13.5, 9.9, 1.4, 0, 1.8, 0, 0, 0, 0, 0),
(198, 'VEGI', 'cup', 'Diced Onions', 23, 64, 15, 0, 2.1, 0.4, 0.1, 0.1, 0.1, 0, 146, 1.8, 4, 6, 0, 12),
(199, 'VEGI', 'cup', 'Diced Bell Peppers', 10, 46, 11, 0, 3.6, 0.8, 0.2, 0.1, 0.1, 0, 162, 1.5, 2, 5.3, 0, 152),
(200, 'VEGI', 'tbsp', 'Minced Garlic', 15, 4, 1, 0, 0.1, 0.1, 0, 0, 0, 0, 12, 0.2, 1, 0.1, 0, 0),
(201, 'OTHR', 'can', 'Black Beans (drained and rinsed)', 46, 218, 40, 0, 15, 2.4, 1, 0, 0, 0, 0, 594, 14.5, 6, 0, 0),
(202, 'VEGI', 'cup', 'Corn', 1, 132, 29, 0, 3.6, 1.9, 1.8, 0.4, 1.1, 0, 287, 4.7, 15, 6.7, 0, 10),
(203, 'VEGI', 'cup', 'Diced Tomatoes', 18, 32, 7, 0, 2.2, 1, 0.2, 0.1, 0.1, 0, 427, 1.6, 7, 5, 767, 21),
(204, 'OTHR', 'tbsp', 'Taco Seasoning', 2, 20, 5, 0, 2, 0.3, 0.7, 0, 0.2, 0, 76, 0.5, 322, 1, 2320, 8),
(205, 'OTHR', 'unit', 'Tortillas', 17, 104, 21, 0, 1.4, 2, 0.9, 0.2, 0.5, 0, 79, 2.4, 207, 1, 100, 0),
(206, 'VEGI', 'cup', 'Shredded Lettuce', 18, 5, 1, 0, 0.3, 0.3, 0, 0, 0, 0, 22, 0.5, 5, 0.4, 1488, 15),
(207, 'FRU', 'unit', 'Apples', 2, 95, 25, 0, 4.4, 0.3, 0.3, 0.1, 0.2, 195, 0.5, 2, 19, 194, 54, 14),
(208, 'VEGI', 'cup', 'Celery', 4, 6, 1, 0, 0.6, 0.1, 0.1, 0.1, 0.1, 104, 0.3, 32, 0.6, 78, 3, 4),
(209, 'OTHR', 'cup', 'Walnuts', 2, 654, 14, 0, 6.7, 2.6, 62.5, 6.1, 14.3, 441, 15.2, 2, 2.6, 0, 0, 0),
(210, 'OTHR', 'cup', 'Raisins', 4, 434, 115, 0, 5.4, 1.9, 0.4, 0.1, 0.1, 322, 3.1, 11, 86, 0, 0, 3),
(211, 'MSF', 'cup', 'Greek Yogurt', 19, 59, 3.6, 10, 0, 0.1, 0, 0.4, 0.2, 61, 10, 36, 3.6, 0, 0, 1),
(212, 'OTHR', 'tbsp', 'Honey', 1, 64, 17, 0, 0.1, 0.1, 0, 0, 0, 11, 0.1, 1, 17, 0.1, 0, 0),
(213, 'FRU', 'tbsp', 'Lemon Juice', 1, 4, 1, 0, 0.1, 0.1, 0, 0, 0, 7, 0, 1, 0.1, 0, 0, 8),
(214, 'OTHR', 'tbsp', 'Olive Oil', 1, 119, 0, 0, 0, 0, 13.5, 9.9, 1.4, 0, 1.8, 0, 0, 0, 0, 0),
(215, 'VEGI', 'cup', 'Diced Onions', 23, 64, 15, 0, 2.1, 0.4, 0.1, 0.1, 0.1, 0, 146, 1.8, 4, 6, 0, 12),
(216, 'VEGI', 'cup', 'Diced Carrots', 20, 50, 12, 0, 3.6, 0.2, 0.1, 0.1, 0.1, 0, 230, 1.2, 42, 6, 10191, 7),
(217, 'VEGI', 'cup', 'Diced Celery', 3, 16, 3, 0, 1.6, 0.1, 0.1, 0.1, 0.1, 0, 104, 0.7, 32, 2, 494, 3),
(218, 'OTHR', 'tbsp', 'Minced Garlic', 15, 4, 1, 0, 0.1, 0.1, 0, 0, 0, 0, 12, 0.2, 1, 0.1, 0, 0),
(219, 'OTHR', 'cup', 'Dried Lentils', 37, 678, 115, 0, 58.3, 6.6, 1.1, 0.8, 3.3, 0.4, 955, 48, 8, 3.7, 0, 6),
(220, 'OTHR', 'can', 'Crushed Tomatoes', 102, 90, 20, 0, 4, 0.6, 0.4, 0, 0.2, 0, 510, 5, 290, 10, 2040, 16),
(221, 'OTHR', 'cup', 'Vegetable Broth', 1, 3, 0.6, 0, 0.1, 0.1, 0, 0, 0, 0, 15, 0.3, 942, 0.2, 0, 0),
(222, 'HRBS', 'tsp', 'Italian Seasoning', 6, 6, 1, 0, 0.3, 0.3, 0.1, 0.1, 0.1, 0, 16, 0.3, 1, 0, 1644, 1),
(223, 'OTHR', 'unit', 'Pasta', 3, 220, 43, 0, 2, 1.5, 0.6, 0.3, 0.4, 0.1, 68, 7.7, 1, 2, 0, 0),
(224, 'HRBS', 'tbsp', 'Fresh Parsley', 2, 1, 0.2, 0, 0.1, 0.1, 0, 0, 0, 0, 12, 0.1, 1, 0.1, 4216, 5),
(225, 'OTHR', 'tbsp', 'Grated Parmesan Cheese', 21, 22, 0.2, 5, 0, 1.4, 0, 1.4, 0.1, 0.1, 20, 1.9, 76, 0, 63, 0),
(226, 'OTHR', 'tbsp', 'Olive Oil', 1, 119, 0, 0, 0, 0, 13.5, 9.9, 1.4, 0, 1.8, 0, 0, 0, 0, 0),
(227, 'VEGI', 'cup', 'Diced Onions', 23, 64, 15, 0, 2.1, 0.4, 0.1, 0.1, 0.1, 0, 146, 1.8, 4, 6, 0, 12),
(228, 'VEGI', 'cup', 'Diced Bell Peppers', 10, 46, 11, 0, 3.6, 0.8, 0.2, 0.1, 0.1, 0, 162, 1.5, 2, 5.3, 0, 152),
(229, 'OTHR', 'tbsp', 'Minced Garlic', 15, 4, 1, 0, 0.1, 0.1, 0, 0, 0, 0, 12, 0.2, 1, 0.1, 0, 0),
(230, 'MSF', 'lb', 'Ground Beef', 1, 776, 0, 243, 0, 3.4, 71.3, 33.6, 15.4, 3.6, 921, 101.3, 222, 0, 0, 0),
(231, 'OTHR', 'can', 'Diced Tomatoes', 18, 32, 7, 0, 2.2, 1, 0.2, 0.1, 0.1, 0, 427, 1.6, 7, 5, 767, 21),
(232, 'OTHR', 'can', 'Tomato Sauce', 2, 139, 28, 0, 7.7, 1.4, 0.4, 0.3, 0.1, 0, 833, 3.9, 2438, 17, 1316, 42),
(233, 'OTHR', 'cup', 'Sliced Olives', 2, 101, 3, 0, 3.8, 1, 10.7, 0.5, 1.2, 0.1, 34, 1.3, 735, 0, 0, 0),
(234, 'OTHR', 'cup', 'Raisins', 4, 434, 115, 0, 5.4, 1.9, 0.4, 0.1, 0.1, 322, 3.1, 11, 86, 0, 0, 3),
(235, 'HRBS', 'tsp', 'Cumin', 33, 8, 1.4, 0, 0.6, 0.4, 0.4, 0.2, 0.1, 0, 22, 0.4, 1, 0.1, 0, 0),
(236, 'HRBS', 'tsp', 'Paprika', 9, 6, 1.4, 0, 0.3, 0.3, 0.2, 0.1, 0.1, 0, 20, 0.3, 1, 0.1, 302, 1),
(237, 'HRBS', 'tsp', 'Dried Oregano', 16, 5, 1, 0, 0.3, 0.2, 0.1, 0.1, 0.1, 0, 11, 0.2, 1, 0, 0, 2),
(238, 'HRBS', 'tsp', 'Ground Cinnamon', 8, 6, 2.1, 0, 0.4, 0.4, 0.1, 0.1, 0.1, 0, 14, 0.1, 1, 0.3, 2081, 1),
(239, 'HRBS', 'tsp', 'Ground Cloves', 27, 6, 1.4, 0, 0.3, 0.3, 0.1, 0.1, 0.1, 0, 13, 0.1, 1, 0, 0, 0),
(240, 'HRBS', 'tsp', 'Salt', 0, 0, 0, 0, 0, 0, 0, 0, 0, 0, 0, 0, 0, 0, 0, 0),
(241, 'HRBS', 'tsp', 'Black Pepper', 3, 6, 1.4, 0, 0.5, 0.3, 0.2, 0.1, 0.1, 0, 23, 0.3, 1, 0, 8, 8),
(242, 'OTHR', 'unit', 'Rice', 1, 206, 45, 0, 0.6, 1.8, 0.5, 0.3, 0.2, 0.1, 35, 4.2, 1, 0.1, 0, 0),
(243, 'HRBS', 'tbsp', 'Fresh Parsley', 2, 1, 0.2, 0, 0.1, 0.1, 0, 0, 0, 0, 12, 0.1, 1, 0.1, 4216, 5),
(244, 'OTHR', 'cup', 'Lentils', 36, 678, 115, 0, 58.3, 6.6, 1.1, 0.8, 3.3, 0.4, 955, 48, 8, 3.7, 0, 6),
(245, 'VEGI', 'cup', 'Diced Tomatoes', 18, 32, 7, 0, 2.2, 1, 0.2, 0.1, 0.1, 0, 427, 1.6, 7, 5, 767, 21),
(246, 'VEGI', 'cup', 'Diced Cucumbers', 10, 16, 4, 0, 0.6, 0.2, 0.1, 0.1, 0.1, 0, 76, 0.7, 2, 2, 105, 3),
(247, 'VEGI', 'cup', 'Chopped Red Onion', 10, 67, 16, 0, 0.9, 0.2, 0.1, 0, 0.1, 0, 94, 1.9, 4, 7, 57, 10),
(248, 'VEGI', 'cup', 'Crumbled Feta Cheese', 287, 396, 4, 150, 0, 0, 32, 22, 1.4, 14, 100, 21.3, 1116, 3, 375, 0),
(249, 'HRBS', 'cup', 'Chopped Parsley', 17, 11, 2, 0, 1, 0.2, 0.1, 0.1, 0.1, 0, 203, 0.9, 4, 0.3, 4216, 5),
(250, 'OTHR', 'cup', 'Olive Oil', 1, 119, 0, 0, 0, 0, 13.5, 9.9, 1.4, 0, 1.8, 0, 0, 0, 0, 0),
(251, 'OTHR', 'cup', 'Lemon Juice', 1, 4, 1, 0, 0.1, 0.1, 0, 0, 0, 0, 12, 0.1, 1, 0.1, 0, 0),
(252, 'OTHR', 'cup', 'Red Wine Vinegar', 1, 8, 0.2, 0, 0, 0, 0, 0, 0, 0, 1, 0, 1, 0.2, 0, 0),
(253, 'OTHR', 'tbsp', 'Minced Garlic', 15, 4, 1, 0, 0.1, 0.1, 0, 0, 0, 0, 12, 0.2, 1, 0.1, 0, 0),
(254, 'HRBS', 'tsp', 'Dried Oregano', 16, 5, 1, 0, 0.3, 0.2, 0.1, 0.1, 0.1, 0, 11, 0.2, 1, 0, 0, 2),
(255, 'HRBS', 'tsp', 'Salt', 0, 0, 0, 0, 0, 0, 0, 0, 0, 0, 0, 0, 0, 0, 0, 0),
(256, 'HRBS', 'tsp', 'Black Pepper', 3, 6, 1.4, 0, 0.5, 0.3, 0.2, 0.1, 0.1, 0, 23, 0.3, 1, 0, 8, 8),
(257, 'OTHR', 'lb', 'Cheese Tortellini', 120, 350, 64, 25, 4, 10, 3, 1, 2, 1.5, 100, 15, 780, 3, 0, 0),
(258, 'VEGI', 'cup', 'Cherry Tomatoes (halved)', 9, 27, 6, 0, 1, 0.6, 0.2, 0.1, 0.1, 0, 231, 1.3, 4, 3.5, 2026, 12),
(259, 'VEGI', 'cup', 'Baby Spinach Leaves', 30, 7, 1, 0, 0.7, 0.2, 0, 0, 0, 0, 167, 0.9, 24, 0.1, 2813, 14),
(260, 'VEGI', 'cup', 'Sliced Red Onions', 10, 16, 3.7, 0, 0.6, 0.1, 0, 0, 0, 0, 56, 0.5, 2, 1.9, 60, 4),
(261, 'OTHR', 'cup', 'Olive Oil', 1, 119, 0, 0, 0, 0, 13.5, 9.9, 1.4, 0, 1.8, 0, 0, 0, 0, 0),
(262, 'OTHR', 'cup', 'Lemon Juice', 1, 4, 1, 0, 0.1, 0.1, 0, 0, 0, 0, 12, 0.1, 1, 0.1, 0, 0),
(263, 'HRBS', 'tbsp', 'Minced Garlic', 15, 4, 1, 0, 0.1, 0.1, 0, 0, 0, 0, 12, 0.2, 1, 0.1, 0, 0),
(264, 'OTHR', 'tsp', 'Salt', 0, 0, 0, 0, 0, 0, 0, 0, 0, 0, 0, 0, 0, 0, 0, 0),
(265, 'OTHR', 'tsp', 'Black Pepper', 3, 6, 1.4, 0, 0.5, 0.3, 0.2, 0.1, 0.1, 0, 23, 0.3, 1, 0, 8, 8),
(266, 'MSF', 'unit', 'Turkey Cutlets', 12, 130, 0, 65, 0, 0, 2, 0.5, 0.5, 0.5, 0, 28, 75, 0, 0, 0),
(267, 'VEGI', 'cup', 'Sliced Zucchini', 10, 20, 4, 0, 1, 0.8, 0.2, 0.1, 0.1, 0, 254, 1.5, 5, 2, 481, 35),
(268, 'OTHR', 'tbsp', 'Olive Oil', 1, 119, 0, 0, 0, 0, 13.5, 9.9, 1.4, 0, 1.8, 0, 0, 0, 0, 0),
(269, 'OTHR', 'tsp', 'Salt', 0, 0, 0, 0, 0, 0, 0, 0, 0, 0, 0, 0, 0, 0, 0, 0),
(270, 'OTHR', 'tsp', 'Black Pepper', 3, 6, 1.4, 0, 0.5, 0.3, 0.2, 0.1, 0.1, 0, 23, 0.3, 1, 0, 8, 8),
(271, 'HRBS', 'tsp', 'Italian Seasoning', 0, 5, 1, 0, 0, 0.1, 0.1, 0.1, 0, 0.1, 0, 0, 0.2, 0, 0, 0),
(272, 'VEGI', 'cup', 'Pasta (rotini or penne)', 5, 200, 40, 0, 2, 1, 1, 0, 0, 0, 40, 7, 0, 0, 0, 0),
(273, 'VEGI', 'cup', 'Tomatoes (diced)', 2, 22, 5, 0, 1, 0.5, 0, 0, 0, 0, 218, 1, 6, 3, 0, 20),
(274, 'VEGI', 'cup', 'Cucumbers (sliced)', 3, 8, 2, 0, 0.3, 0.1, 0, 0, 0, 0, 76, 0.3, 1, 1, 1, 2),
(275, 'VEGI', 'cup', 'Bell Peppers (chopped)', 7, 12, 3, 0, 1, 0.2, 0.1, 0, 0, 0, 106, 0.5, 2, 1, 36, 152),
(276, 'VEGI', 'cup', 'Black Olives', 1, 37, 1.5, 0, 0.2, 0, 3.5, 0.5, 0.5, 0, 8, 0.5, 285, 0.1, 0, 0),
(277, 'OTHR', 'tbsp', 'Olive Oil', 1, 119, 0, 0, 0, 0, 13.5, 9.9, 1.4, 0, 1.8, 0, 0, 0, 0, 0),
(278, 'OTHR', 'tbsp', 'Red Wine Vinegar', 0, 3, 0.1, 0, 0, 0, 0, 0, 0, 0, 0, 0, 1, 0.1, 0, 0),
(279, 'OTHR', 'tsp', 'Dijon Mustard', 0, 5, 0.3, 0, 0, 0, 0, 0, 0, 0, 10, 0.3, 60, 0.1, 0, 0),
(281, 'OTHR', 'tsp', 'Salt', 0, 0, 0, 0, 0, 0, 0, 0, 0, 0, 0, 0, 0, 0, 0, 0),
(282, 'OTHR', 'tsp', 'Black Pepper', 3, 6, 1.4, 0, 0.5, 0.3, 0.2, 0.1, 0.1, 0, 23, 0.3, 1, 0, 8, 8),
(283, 'VEGI', 'tbsp', 'Parsley (chopped)', 5, 1, 0.2, 0, 0.1, 0.1, 0, 0, 0, 0, 39, 0.1, 1, 0, 0, 1),
(284, 'MSF', 'can', 'Canned Tuna', 6, 220, 0, 30, 0, 0, 10, 1.5, 0.5, 1.5, 0, 33, 200, 0, 0, 0),
(285, 'OTHR', 'cup', 'Mayonnaise', 3, 680, 0.5, 95, 0, 0, 76, 12, 20, 10, 10, 0, 600, 0.5, 0, 0),
(286, 'VEGI', 'cup', 'Celery (chopped)', 4, 6, 1.2, 0, 0.6, 0.1, 0.1, 0, 0, 0, 104, 0.3, 88, 0.6, 6, 3),
(287, 'VEGI', 'cup', 'Onion (diced)', 3, 64, 15, 0, 1.9, 0.2, 0.1, 0, 0, 0, 157, 1.8, 4, 7, 0, 0),
(288, 'VEGI', 'cup', 'Shredded Carrots', 3, 45, 10, 0, 2, 0.3, 0.1, 0, 0, 0, 230, 1, 88, 5, 11070, 7),
(289, 'OTHR', 'unit', 'Tortilla', 3, 220, 38, 0, 2, 0.5, 2.5, 1, 0.5, 0.5, 10, 4, 0, 1, 0, 0),
(290, 'OTHR', 'cup', 'Mayonnaise', 3, 680, 0.5, 95, 0, 0, 76, 12, 20, 10, 0, 600, 0.5, 0, 0, 0),
(291, 'OTHR', 'tbsp', 'Sweet Chili Sauce', 0, 50, 13, 0, 0, 0, 0, 0, 0, 0, 0, 0, 200, 12, 0, 0),
(292, 'OTHR', 'tsp', 'Sriracha', 0, 5, 1, 0, 0, 0, 0, 0, 0, 0, 0, 10, 0, 1, 0, 0),
(293, 'MSF', 'lb', 'Shrimp (peeled and deveined)', 6, 84, 0, 182, 0, 0, 1.7, 0.3, 0.3, 0.3, 0, 18, 145, 0, 0, 0),
(294, 'OTHR', 'tbsp', 'Vegetable Oil', 0, 120, 0, 0, 0, 0, 14, 10, 1.5, 0, 0, 0, 0, 0, 0, 0),
(295, 'VEGI', 'cup', 'Mixed Greens', 3, 10, 2, 0, 1, 0.3, 0.1, 0, 0, 0, 93, 1, 10, 1, 3533, 40),
(296, 'VEGI', 'cup', 'Cucumbers (sliced)', 2, 8, 2, 0, 0.3, 0.1, 0, 0, 0, 0, 76, 0.3, 1, 1, 2, 3),
(297, 'VEGI', 'cup', 'Shredded Carrots', 3, 45, 10, 0, 2, 0.3, 0.1, 0, 0, 0, 230, 1, 88, 5, 11070, 7),
(298, 'VEGI', 'cup', 'Green Onions (chopped)', 5, 32, 7, 0, 1.7, 0.3, 0.1, 0, 0, 0, 146, 1.8, 16, 2, 25, 20),
(299, 'MSF', 'lb', 'Ground Turkey', 4, 260, 0, 130, 0, 0, 18, 4, 2, 7, 0, 29, 65, 0, 0, 0),
(300, 'OTHR', 'tbsp', 'Olive Oil', 1, 119, 0, 0, 0, 0, 13.5, 9.9, 1.4, 0, 1.8, 0, 0, 0, 0, 0),
(301, 'OTHR', 'unit', 'Garlic (minced)', 2, 4, 1, 0, 0.2, 0.1, 0.1, 0, 0, 0, 12, 0.2, 1, 0.1, 0, 0),
(302, 'OTHR', 'tsp', 'Salt', 0, 0, 0, 0, 0, 0, 0, 0, 0, 0, 0, 0, 0, 0, 0, 0),
(303, 'OTHR', 'tsp', 'Black Pepper', 3, 6, 1.4, 0, 0.5, 0.3, 0.2, 0.1, 0.1, 0, 23, 0.3, 1, 0, 8, 8),
(304, 'HRBS', 'tsp', 'Italian Seasoning', 0, 5, 1, 0, 0, 0.1, 0.1, 0.1, 0, 0.1, 0, 0, 0.2, 0, 0, 0),
(305, 'OTHR', 'cup', 'Marinara Sauce', 2, 80, 11, 0, 2, 1, 3, 0.5, 0.5, 0, 330, 2, 420, 7, 1250, 20),
(306, 'MSF', 'lb', 'Penne Pasta', 2, 200, 42, 0, 2, 2, 1, 0.5, 0.5, 0, 0, 7, 0, 0, 0, 0),
(307, 'MSF', 'lb', 'Beef (sliced)', 1, 250, 0, 85, 0, 0, 17, 7, 0.5, 8, 0, 25, 60, 0, 0, 0),
(308, 'VEGI', 'lb', 'Green Beans (trimmed and sliced)', 10, 31, 7, 0, 3.4, 1, 0.2, 0.1, 0.1, 0, 259, 2, 6, 3, 690, 16),
(309, 'OTHR', 'unit', 'Onion (sliced)', 2, 45, 11, 0, 2, 0.1, 0, 0, 0, 0, 4, 2, 4, 9, 30, 11),
(310, 'OTHR', 'tbsp', 'Soy Sauce', 2, 8, 1, 0, 0.4, 0.4, 0, 0, 0, 0, 138, 1.3, 920, 0.4, 60, 0),
(311, 'OTHR', 'tbsp', 'Sesame Oil', 0, 120, 0, 0, 0, 0, 14, 2, 7, 2, 0, 0, 0, 0, 0, 0),
(312, 'OTHR', 'tbsp', 'Cornstarch', 0, 30, 7, 0, 0, 0, 0, 0, 0, 0, 0, 0, 0, 0, 0, 0),
(313, 'OTHR', 'tsp', 'Salt', 0, 0, 0, 0, 0, 0, 0, 0, 0, 0, 0, 0, 0, 0, 0, 0),
(314, 'OTHR', 'tsp', 'Black Pepper', 3, 6, 1.4, 0, 0.5, 0.3, 0.2, 0.1, 0.1, 0, 23, 0.3, 1, 0, 8, 8),
(315, 'MSF', 'lb', 'Chicken Breasts', 0, 165, 0, 85, 0, 0, 3.5, 1, 0.5, 1, 0, 220, 31, 75, 0, 0),
(316, 'VEGI', 'unit', 'Bell Peppers (sliced)', 2, 25, 5, 0, 2, 0.6, 0, 0, 0, 0, 190, 1, 5, 3, 448, 152),
(317, 'VEGI', 'unit', 'Onion (sliced)', 2, 45, 11, 0, 2, 0.1, 0, 0, 0, 0, 0, 4, 2, 4, 9, 30),
(318, 'OTHR', 'tbsp', 'Olive Oil', 1, 119, 0, 0, 0, 0, 13.5, 9.9, 1.4, 0, 1.8, 0, 0, 0, 0, 0),
(319, 'OTHR', 'tsp', 'Chili Powder', 1, 8, 1.5, 0, 1, 0.6, 0.4, 0.2, 0.1, 0.1, 0, 0.5, 135, 0.5, 2950, 2),
(320, 'OTHR', 'tsp', 'Cumin', 1, 8, 1.4, 0, 0.6, 0.4, 0.2, 0.1, 0.1, 0.1, 0, 0.5, 10, 0.1, 400, 1),
(321, 'OTHR', 'tsp', 'Garlic Powder', 0, 10, 2, 0, 0.1, 0.1, 0.1, 0, 0, 0, 0, 0, 0, 0, 0, 0),
(322, 'OTHR', 'tsp', 'Salt', 0, 0, 0, 0, 0, 0, 0, 0, 0, 0, 0, 0, 0, 0, 0, 0),
(323, 'OTHR', 'tsp', 'Black Pepper', 3, 6, 1.4, 0, 0.5, 0.3, 0.2, 0.1, 0.1, 0, 23, 0.3, 1, 0, 8, 8),
(324, 'MSF', 'unit', 'Tortillas', 2, 70, 12, 0, 1, 1, 1, 0, 0, 0, 0, 40, 2, 220, 0, 0);

-- --------------------------------------------------------

--
-- Cấu trúc bảng cho bảng `ingredient_recipe`
--

CREATE TABLE `ingredient_recipe` (
  `ingredient_id` int NOT NULL,
  `recipe_id` int NOT NULL,
  `number_of_unit` int DEFAULT NULL,
  `measurement_description` enum('tsp','cup','tbsp','g','lb','can','oz','unit') CHARACTER SET utf8mb4 COLLATE utf8mb4_general_ci DEFAULT NULL
) ENGINE=InnoDB DEFAULT CHARSET=utf8mb4 COLLATE=utf8mb4_general_ci;

--
-- Đang đổ dữ liệu cho bảng `ingredient_recipe`
--

INSERT INTO `ingredient_recipe` (`ingredient_id`, `recipe_id`, `number_of_unit`, `measurement_description`) VALUES
(1, 1, 300, 'g'),
(2, 1, 200, 'g'),
(3, 1, 2, 'tbsp'),
(4, 1, 1, 'tbsp'),
(5, 2, 150, 'g'),
(6, 2, 1, 'unit'),
(7, 2, 2, 'tbsp'),
(8, 2, 1, 'unit'),
(16, 4, 2, 'unit'),
(17, 4, 2, 'tbsp'),
(18, 4, 2, 'unit'),
(19, 4, 2, 'tbsp'),
(20, 4, 2, 'tbsp'),
(26, 5, 4, 'unit'),
(27, 5, 1, 'cup'),
(28, 5, 1, 'cup'),
(29, 5, 1, 'unit'),
(30, 5, 2, 'tbsp'),
(31, 6, 2, 'cup'),
(32, 6, 1, 'cup'),
(33, 6, 1, 'unit'),
(34, 6, 1, 'unit'),
(35, 6, 0, 'cup'),
(36, 6, 1, 'unit'),
(37, 6, 3, 'tbsp'),
(38, 6, 2, 'unit'),
(39, 6, 1, 'tsp'),
(40, 6, 1, 'tsp'),
(41, 6, 1, 'tsp'),
(42, 6, 0, 'tsp'),
(43, 7, 1, 'can'),
(44, 7, 2, 'unit'),
(45, 7, 1, 'cup'),
(46, 7, 0, 'unit'),
(47, 7, 0, 'cup'),
(48, 7, 1, 'tbsp'),
(49, 7, 1, 'tbsp'),
(50, 7, 1, 'tsp'),
(51, 7, 0, 'tsp'),
(52, 7, 1, 'cup'),
(60, 9, 6, 'unit'),
(61, 9, 1, 'cup'),
(62, 9, 1, 'tsp'),
(63, 9, 1, 'unit'),
(64, 9, 2, 'tbsp'),
(65, 9, 1, 'tsp'),
(66, 9, 0, 'tsp'),
(72, 11, 2, 'unit'),
(73, 11, 1, 'lb'),
(74, 11, 1, 'unit'),
(75, 11, 2, 'tbsp'),
(76, 11, 1, 'tsp'),
(77, 11, 1, 'unit'),
(78, 11, 2, 'tbsp'),
(79, 12, 8, 'oz'),
(80, 12, 1, 'cup'),
(81, 12, 1, 'cup'),
(82, 12, 2, 'unit'),
(83, 12, 1, 'tsp'),
(84, 13, 12, 'unit'),
(85, 13, 4, 'oz'),
(86, 13, 12, 'unit'),
(87, 14, 1, 'lb'),
(88, 14, 1, 'unit'),
(89, 14, 1, 'tbsp'),
(90, 14, 2, 'tbsp'),
(91, 14, 2, 'oz'),
(92, 14, 1, 'tbsp'),
(93, 14, 1, 'tbsp'),
(94, 14, 1, 'can'),
(95, 14, 1, 'can'),
(96, 14, 1, 'can'),
(97, 15, 1, 'lb'),
(98, 15, 1, 'cup'),
(99, 15, 1, 'cup'),
(100, 15, 1, 'cup'),
(101, 15, 2, 'tbsp'),
(102, 15, 1, 'tbsp'),
(103, 15, 1, 'tbsp'),
(104, 15, 1, 'tbsp'),
(105, 16, 1, 'cup'),
(106, 16, 1, 'cup'),
(107, 16, 1, 'unit'),
(108, 16, 0, 'cup'),
(109, 16, 2, 'tbsp'),
(110, 16, 3, 'tbsp'),
(111, 16, 1, 'tbsp'),
(112, 16, 1, 'tbsp'),
(113, 16, 1, 'tsp'),
(114, 16, 0, 'tsp'),
(118, 18, 1, 'lb'),
(119, 18, 1, 'cup'),
(120, 18, 1, 'unit'),
(121, 18, 2, 'tbsp'),
(122, 18, 3, 'tbsp'),
(123, 18, 1, 'tbsp'),
(124, 18, 1, 'unit'),
(125, 18, 1, 'tsp'),
(126, 18, 0, 'tsp'),
(131, 20, 1, 'lb'),
(132, 20, 1, 'cup'),
(133, 20, 1, 'unit'),
(134, 20, 0, 'cup'),
(135, 20, 1, 'cup'),
(136, 20, 1, 'cup'),
(137, 20, 1, 'cup'),
(138, 20, 2, 'tbsp'),
(139, 20, 1, 'tbsp'),
(140, 20, 1, 'tsp'),
(141, 20, 0, 'tsp'),
(146, 21, 2, 'cup'),
(147, 21, 1, 'can'),
(148, 21, 1, 'cup'),
(149, 21, 1, 'cup'),
(150, 21, 0, 'cup'),
(151, 21, 0, 'unit'),
(152, 21, 0, 'cup'),
(153, 21, 2, 'tbsp'),
(154, 21, 1, 'tbsp'),
(155, 21, 1, 'tbsp'),
(156, 21, 1, 'tsp'),
(157, 21, 0, 'tsp'),
(158, 23, 1, 'lb'),
(159, 23, 1, 'unit'),
(160, 23, 1, 'unit'),
(161, 23, 2, 'tbsp'),
(162, 23, 2, 'tbsp'),
(163, 23, 2, 'oz'),
(164, 23, 1, 'can'),
(165, 23, 1, 'can'),
(166, 23, 1, 'cup'),
(167, 23, 1, 'tbsp'),
(168, 24, 1, 'lb'),
(169, 24, 1, 'lb'),
(170, 24, 8, 'oz'),
(171, 24, 1, 'cup'),
(172, 24, 2, 'tbsp'),
(173, 24, 1, 'tbsp'),
(174, 27, 1, 'cup'),
(174, 28, 1, 'can'),
(175, 27, 1, 'cup'),
(175, 28, 1, 'cup'),
(176, 27, 2, 'cup'),
(176, 28, 1, 'cup'),
(177, 28, 1, 'cup'),
(178, 28, 1, 'cup'),
(179, 28, 2, 'tbsp'),
(180, 28, 2, 'tbsp'),
(181, 28, 1, 'tbsp'),
(182, 28, 1, 'tbsp'),
(183, 28, 1, 'tbsp'),
(184, 29, 4, 'unit'),
(185, 29, 1, 'cup'),
(186, 29, 1, 'cup'),
(187, 29, 1, 'cup'),
(188, 29, 2, 'tbsp'),
(197, 30, 2, 'tbsp'),
(198, 30, 1, 'cup'),
(199, 30, 1, 'cup'),
(200, 30, 2, 'tbsp'),
(201, 30, 1, 'can'),
(202, 30, 1, 'cup'),
(203, 30, 1, 'cup'),
(204, 30, 1, 'tbsp'),
(205, 30, 4, 'unit'),
(206, 30, 1, 'cup'),
(207, 31, 2, 'unit'),
(208, 31, 1, 'cup'),
(209, 31, 1, 'cup'),
(210, 31, 0, 'cup'),
(211, 31, 1, 'cup'),
(212, 31, 1, 'tbsp'),
(213, 31, 1, 'tbsp'),
(214, 32, 2, 'tbsp'),
(215, 32, 1, 'cup'),
(216, 32, 1, 'cup'),
(217, 32, 1, 'cup'),
(218, 32, 2, 'tbsp'),
(219, 32, 1, 'cup'),
(220, 32, 1, 'can'),
(221, 32, 1, 'cup'),
(222, 32, 1, 'tsp'),
(223, 32, 8, 'oz'),
(224, 32, 1, 'tbsp'),
(225, 32, 2, 'tbsp'),
(226, 33, 2, 'tbsp'),
(227, 33, 1, 'cup'),
(228, 33, 1, 'cup'),
(229, 33, 2, 'tbsp'),
(230, 33, 1, 'lb'),
(231, 33, 1, 'can'),
(232, 33, 1, 'can'),
(233, 33, 1, 'cup'),
(234, 33, 0, 'cup'),
(235, 33, 1, 'tsp'),
(236, 33, 1, 'tsp'),
(237, 33, 1, 'tsp'),
(238, 33, 0, 'tsp'),
(239, 33, 0, 'tsp'),
(240, 33, 1, 'tsp'),
(241, 33, 0, 'tsp'),
(242, 33, 1, 'unit'),
(243, 33, 1, 'tbsp'),
(244, 34, 1, 'cup'),
(245, 34, 1, 'cup'),
(246, 34, 1, 'cup'),
(247, 34, 0, 'cup'),
(248, 34, 0, 'cup'),
(249, 34, 0, 'cup'),
(250, 34, 0, 'cup'),
(251, 34, 0, 'cup'),
(252, 34, 2, 'tbsp'),
(253, 34, 1, 'tbsp'),
(254, 34, 1, 'tsp'),
(255, 34, 1, 'tsp'),
(256, 34, 0, 'tsp'),
(257, 35, 1, 'lb'),
(258, 35, 1, 'cup'),
(259, 35, 2, 'cup'),
(260, 35, 0, 'cup'),
(261, 35, 0, 'cup'),
(262, 35, 0, 'cup'),
(263, 35, 1, 'tbsp'),
(264, 35, 1, 'tsp'),
(265, 35, 0, 'tsp'),
(266, 36, 4, 'unit'),
(267, 36, 2, 'cup'),
(268, 36, 2, 'tbsp'),
(269, 36, 1, 'tsp'),
(270, 36, 1, 'tsp'),
(271, 36, 1, 'tsp'),
(272, 37, 2, 'cup'),
(273, 37, 1, 'cup'),
(274, 37, 1, 'cup'),
(275, 37, 1, 'cup'),
(276, 37, 1, 'cup'),
(277, 37, 0, 'cup'),
(278, 37, 2, 'tbsp'),
(279, 37, 1, 'tsp'),
(281, 37, 1, 'tsp'),
(282, 37, 1, 'tsp'),
(283, 37, 1, 'tbsp'),
(284, 38, 1, 'can'),
(285, 38, 0, 'cup'),
(286, 38, 0, 'cup'),
(287, 38, 0, 'cup'),
(288, 38, 1, 'cup'),
(289, 38, 1, 'unit'),
(290, 39, 0, 'cup'),
(291, 39, 1, 'tbsp'),
(292, 39, 1, 'tsp'),
(293, 39, 1, 'lb'),
(294, 39, 1, 'tbsp'),
(295, 39, 2, 'cup'),
(296, 39, 1, 'cup'),
(297, 39, 0, 'cup'),
(298, 39, 0, 'cup'),
(299, 40, 1, 'lb'),
(300, 40, 2, 'tbsp'),
(301, 40, 2, 'unit'),
(302, 40, 1, 'tsp'),
(303, 40, 1, 'tsp'),
(304, 40, 1, 'tsp'),
(305, 40, 1, 'cup'),
(306, 40, 1, 'lb'),
(307, 41, 1, 'lb'),
(308, 41, 1, 'lb'),
(309, 41, 1, 'unit'),
(310, 41, 2, 'tbsp'),
(311, 41, 1, 'tbsp'),
(312, 41, 1, 'tbsp'),
(313, 41, 1, 'tsp'),
(314, 41, 1, 'tsp'),
(315, 42, 1, 'lb'),
(316, 42, 2, 'unit'),
(317, 42, 1, 'unit'),
(318, 42, 2, 'tbsp'),
(319, 42, 1, 'tsp'),
(320, 42, 1, 'tsp'),
(321, 42, 1, 'tsp'),
(322, 42, 1, 'tsp'),
(323, 42, 1, 'tsp'),
(324, 42, 8, 'unit');

-- --------------------------------------------------------

--
-- Cấu trúc bảng cho bảng `recipes`
--

CREATE TABLE `recipes` (
  `id` int NOT NULL,
  `isActive` tinyint(1) NOT NULL DEFAULT '1',
  `name` varchar(255) CHARACTER SET utf8mb4 COLLATE utf8mb4_general_ci NOT NULL,
  `description` text CHARACTER SET utf8mb4 COLLATE utf8mb4_general_ci,
  `image_url` varchar(255) CHARACTER SET utf8mb4 COLLATE utf8mb4_general_ci DEFAULT NULL,
  `preparation_time_min` int DEFAULT NULL,
  `cooking_time_min` int DEFAULT NULL,
  `directions` text CHARACTER SET utf8mb4 COLLATE utf8mb4_general_ci,
  `meal_type_1` set('Breakfast','Lunch','Dinner') CHARACTER SET utf8mb4 COLLATE utf8mb4_general_ci DEFAULT NULL,
  `meal_type_2` enum('Appetizer','Main Dish','Side Dish','Dessert') CHARACTER SET utf8mb4 COLLATE utf8mb4_general_ci DEFAULT NULL,
  `meal_type_3` enum('Baked','Salad and Salad Dressing','Sauce and Condiment','Snack','Beverage','Soup','Other') CHARACTER SET utf8mb4 COLLATE utf8mb4_general_ci DEFAULT NULL
) ENGINE=InnoDB DEFAULT CHARSET=utf8mb4 COLLATE=utf8mb4_general_ci;

--
-- Đang đổ dữ liệu cho bảng `recipes`
--

INSERT INTO `recipes` (`id`, `isActive`, `name`, `description`, `image_url`, `preparation_time_min`, `cooking_time_min`, `directions`, `meal_type_1`, `meal_type_2`, `meal_type_3`) VALUES
(1, 1, 'Chicken Stir Fry', 'Delicious chicken stir fry with mixed vegetab', 'huyzh3gb.png', 15, 20, '1. Marinate chicken with soy sauce and cornstarch.\n2. Stir fry chicken until cooked.\n3. Add mixed vegetables and stir fry until tender.\n4. Serve hot with rice.', 'Dinner', 'Main Dish', 'Other'),
(2, 1, 'Cucumber and Shrimp Aguachile', 'Delicious chicken stir fry with mixed vegetabw', '07thgnst.jpg', 15, 10, '1. Clean and devein shrimp.\n2. Slice cucumbers thinly.\n3. Mix shrimp, cucumber slices, lime juice, and chili peppers in a bowl.\n4. Let marinate in the refrigerator for 15 minutes.\n5. Serve chilled.', 'Lunch', 'Main Dish', 'Other'),
(4, 1, 'Baba Ganoush', 'Roasted eggplant mash with tahini, lemon juice, olive oil, and garlic.', 'yzpvtzq8.png', 30, 15, '1. Roast eggplant in the oven until tender and blackened.\n2. Scoop out the flesh and mash it with tahini, lemon juice, olive oil, and garlic.\n3. Season with salt and pepper to taste.\n4. Serve with pita bread or vegetables.', 'Breakfast', 'Side Dish', 'Other'),
(5, 1, 'Crispy Cajun Pickle Chips', 'Delicious crispy Cajun-flavored pickle chips, perfect as a snack or side dish.', '09aa3u2j.jpg', 10, 20, '1. Preheat the oven to 400°F (200°C).\n2. Slice the pickles into thin chips.\n3. In a bowl, mix flour, Cajun seasoning, and breadcrumbs.\n4. Dip pickle chips in beaten egg, then coat with breadcrumb mixture.\n5. Place coated pickle chips on a baking sheet.\n6. Bake in the preheated oven until golden brown and crispy, about 15-20 minutes.\n7. Serve hot and enjoy!', NULL, NULL, 'Snack'),
(6, 1, 'Black Bean and Corn Salad', 'A refreshing salad featuring black beans and sweet corn, perfect for a healthy side dish or light meal.', '7volhb7v.jpg', 15, 0, '1. In a large bowl, combine black beans, corn, diced tomatoes, diced red onion, chopped cilantro, and avocado.\n2. In a small bowl, whisk together olive oil, lime juice, minced garlic, cumin, salt, and pepper to make the dressing.\n3. Pour the dressing over the salad ingredients and toss gently to coat.\n4. Chill the salad in the refrigerator for at least 30 minutes before serving.\n5. Serve cold and enjoy!', NULL, 'Side Dish', 'Salad and Salad Dressing'),
(7, 1, 'Salmon Patties', 'Delicious and flavorful salmon patties, perfect for a light meal or appetizer.', '4cm7v3yn.png', 15, 15, '1. Drain and flake the canned salmon.\n2. In a mixing bowl, combine flaked salmon, beaten eggs, breadcrumbs, diced onion, chopped parsley, lemon juice, Dijon mustard, salt, and pepper.\n3. Mix well until thoroughly combined.\n4. Form the mixture into patties of desired size.\n5. Heat oil in a skillet over medium heat.\n6. Fry the salmon patties until golden brown and cooked through, about 3-4 minutes per side.\n7. Remove from the skillet and drain on paper towels.\n8. Serve hot with your favorite dipping sauce or side dishes.', NULL, 'Appetizer', NULL),
(9, 1, 'Egg Salad', 'A simple and tasty egg salad, perfect for sandwiches or as a side dish.', 'ojyw9t2p.jpg', 10, 10, '1. Boil the eggs until hard-cooked, then peel and chop them.\n2. In a mixing bowl, combine the chopped eggs, mayonnaise, mustard, diced celery, chopped chives, salt, and pepper.\n3. Mix well until all ingredients are evenly distributed.\n4. Refrigerate the egg salad for at least 30 minutes before serving to allow the flavors to meld.\n5. Serve as a sandwich filling, on crackers, or as a side dish. Enjoy!', 'Lunch', NULL, 'Salad and Salad Dressing'),
(11, 1, 'Triangles with Potato and Beef', 'Delicious triangles filled with a savory mixture of potatoes and beef, perfect as a snack or appetizer.', '3z66ao3w.jpg', 30, 40, '1. Boil the potatoes until tender, then mash them.\n2. In a skillet, cook the ground beef until browned. Drain excess fat.\n3. Add onion, garlic, and spices to the skillet with the beef. Cook until onion is softened.\n4. Combine the mashed potatoes with the cooked beef mixture.\n5. Lay out the phyllo pastry sheets and cut them into triangles.\n6. Place a spoonful of the potato and beef mixture onto each triangle.\n7. Fold the pastry over the filling to form a triangle shape.\n8. Brush the triangles with melted butter.\n9. Bake in a preheated oven at 375°F (190°C) until golden brown, about 20-25 minutes.\n10. Serve hot and enjoy!', NULL, 'Appetizer', NULL),
(12, 1, 'Cheese Sticks', 'Delicious crispy cheese sticks, perfect as an appetizer or snack.', 'd2gol6y5.jpg', 15, 20, '1. Preheat the oven to 375°F (190°C).\n2. Cut the cheese into sticks.\n3. In a bowl, whisk together breadcrumbs, grated Parmesan cheese, and Italian seasoning.\n4. Dip each cheese stick in beaten egg, then coat with breadcrumb mixture.\n5. Place coated cheese sticks on a baking sheet lined with parchment paper.\n6. Bake in the preheated oven until golden brown and crispy, about 15-20 minutes.\n7. Serve hot with marinara sauce for dipping, if desired.', NULL, 'Appetizer', NULL),
(13, 1, 'Jalapeno Bites', 'Spicy jalapeno bites stuffed with cheese, perfect as an appetizer or snack.', 'sc6daczv.jpg', 20, 15, '1. Preheat the oven to 375°F (190°C).\n2. Cut jalapenos in half lengthwise and remove seeds.\n3. Fill each jalapeno half with cream cheese.\n4. Wrap each jalapeno with a slice of bacon.\n5. Place jalapeno bites on a baking sheet lined with parchment paper.\n6. Bake in the preheated oven until bacon is crispy and jalapenos are tender, about 15 minutes.\n7. Serve hot and enjoy!', NULL, 'Appetizer', NULL),
(14, 1, 'Turkey Chili', 'Hearty and flavorful chili made with ground turkey, beans, and spices.', 'jthgyiwv.png', 15, 30, '1. Heat olive oil in a large pot over medium heat.\n2. Add diced onions and garlic, cook until softened.\n3. Add ground turkey, cook until browned.\n4. Stir in chili powder, cumin, and paprika.\n5. Add diced tomatoes, tomato sauce, and kidney beans.\n6. Season with salt and pepper to taste.\n7. Simmer for 20-25 minutes, stirring occasionally.\n8. Serve hot with your favorite toppings and enjoy!', NULL, 'Main Dish', 'Soup'),
(15, 1, 'Chicken Lettuce Cups', 'Delicious and light chicken lettuce cups filled with seasoned chicken, vegetables, and sauces.', 'tcoq4nha.png', 20, 15, '1. Heat olive oil in a pan over medium heat.\n2. Add minced chicken and cook until no longer pink.\n3. Stir in diced onions, carrots, and water chestnuts. Cook until vegetables are tender.\n4. Add soy sauce, hoisin sauce, and sesame oil. Stir to combine.\n5. Season with salt and pepper to taste.\n6. Spoon chicken mixture into lettuce leaves.\n7. Garnish with chopped green onions and serve.\n8. Enjoy!', NULL, 'Appetizer', NULL),
(16, 1, 'Couscous Cranberry Orange Salad', 'A refreshing and colorful salad made with couscous, cranberries, oranges, and a citrus dressing.', 'zwgwp0gk.png', 15, 10, '1. Cook couscous according to package instructions. Let it cool.\n2. In a large bowl, combine cooked couscous, dried cranberries, orange segments, and chopped parsley.\n3. In a small bowl, whisk together olive oil, orange juice, lemon juice, honey, salt, and pepper to make the dressing.\n4. Pour the dressing over the salad and toss gently to combine.\n5. Chill in the refrigerator for at least 30 minutes before serving.\n6. Serve chilled and enjoy!', NULL, 'Side Dish', 'Salad and Salad Dressing'),
(18, 1, 'Turkey Meatloaf', 'A healthier version of classic meatloaf made with lean ground turkey, breadcrumbs, and savory seasonings.', '4p4tb5jj.png', 15, 60, '1. Preheat the oven to 350°F (175°C). Grease a loaf pan.\n2. In a large bowl, mix together ground turkey, breadcrumbs, chopped onion, minced garlic, ketchup, Worcestershire sauce, egg, salt, and pepper until well combined.\n3. Transfer the mixture into the prepared loaf pan, and shape it into a loaf.\n4. Bake in the preheated oven for 45-50 minutes, or until the internal temperature reaches 165°F (75°C).\n5. Let the meatloaf rest for a few minutes before slicing.\n6. Serve slices of meatloaf with your favorite side dishes and enjoy!', 'Dinner', 'Main Dish', 'Baked'),
(20, 1, 'Chicken Salad', 'A refreshing salad made with cooked chicken, fresh vegetables, and a creamy dressing.', '3qbxni96.png', 15, 10, '1. In a large bowl, combine cooked chicken, diced celery, diced red onion, chopped fresh parsley, and halved grapes.\n2. In a separate small bowl, mix together mayonnaise, Greek yogurt, lemon juice, Dijon mustard, salt, and pepper to make the dressing.\n3. Pour the dressing over the chicken mixture and toss until well coated.\n4. Serve the chicken salad chilled over a bed of lettuce or in sandwiches, wraps, or on crackers.', 'Lunch', 'Main Dish', 'Salad and Salad Dressing'),
(21, 1, 'Lentil Garbanzo Salad', 'A nutritious salad made with lentils, garbanzo beans, fresh vegetables, and a tangy vinaigrette dressing.', '406g4sbo.png', 20, 10, '1. In a large bowl, combine cooked lentils, drained and rinsed garbanzo beans, diced cucumber, diced red bell pepper, chopped fresh cilantro, and sliced green onions.\n2. In a separate small bowl, whisk together olive oil, lemon juice, Dijon mustard, minced garlic, salt, and pepper to make the dressing.\n3. Pour the dressing over the lentil mixture and toss until well coated.\n4. Serve the salad chilled or at room temperature.', 'Lunch', 'Main Dish', 'Salad and Salad Dressing'),
(22, 1, 'Chickpea and Quinoa Salad', 'A nutritious and delicious salad made with chickpeas, quinoa, and fresh vegetables.', '1l44ovlv.png', 20, 15, '1. Cook quinoa according to package instructions and let it cool.\n2. In a large bowl, combine cooked quinoa, chickpeas, diced cucumber, cherry tomatoes, diced red onion, chopped parsley, and crumbled feta cheese.\n3. In a small bowl, whisk together olive oil, lemon juice, garlic, salt, and pepper to make the dressing.\n4. Pour the dressing over the salad and toss until well combined.\n5. Serve chilled or at room temperature and enjoy!', 'Lunch', 'Side Dish', 'Salad and Salad Dressing'),
(23, 1, 'Cajun Shrimp Pasta', 'Spicy and flavorful pasta dish with Cajun-seasoned shrimp and vegetables.', '2mn2lz7t.png', 20, 20, '1. Cook pasta according to package instructions.\n2. In a large skillet, heat olive oil over medium heat.\n3. Add shrimp and Cajun seasoning, cook until shrimp are pink and cooked through.\n4. Remove shrimp from skillet and set aside.\n5. In the same skillet, add bell peppers, onions, and garlic, cook until softened.\n6. Stir in diced tomatoes, tomato sauce, and cooked pasta.\n7. Add cooked shrimp back to the skillet and toss everything together.\n8. Serve hot and garnish with chopped parsley if desired.', NULL, 'Main Dish', NULL),
(24, 1, 'Ziti with Chicken and Asparagus', 'Delicious pasta dish with tender chicken, fresh asparagus, and ziti pasta.', '732bxaw4.png', 15, 25, '1. Cook pasta according to package instructions.\n2. In a large skillet, heat olive oil over medium heat.\n3. Add diced chicken breast, cook until browned and cooked through.\n4. Remove chicken from skillet and set aside.\n5. In the same skillet, add asparagus spears and cook until tender.\n6. Stir in cooked pasta, chicken, and Alfredo sauce.\n7. Season with salt and pepper to taste.\n8. Serve hot and garnish with grated Parmesan cheese if desired.', NULL, 'Main Dish', NULL),
(27, 1, 'Marinara Mac & Cheese', 'Creamy macaroni and cheese with marinara sauce.', 'xwhgnizp.png', 15, 30, '1. Cook macaroni according to package instructions. Drain and set aside.\n2. In a saucepan, melt butter over medium heat. Stir in flour until smooth. Gradually add milk, stirring constantly until thickened.\n3. Add shredded cheese and stir until melted and smooth.\n4. Mix in cooked macaroni until well coated.\n5. Serve hot topped with marinara sauce and enjoy!', NULL, 'Main Dish', 'Baked'),
(28, 1, 'Vegetable Salad with White Beans', 'A refreshing salad made with fresh vegetables and white beans, tossed in a tangy vinaigrette dressing.', 'yhzfq39e.png', 10, 10, '1. In a large mixing bowl, combine white beans, cherry tomatoes, sliced cucumber, diced red bell pepper, and sliced red onion.\n2. In a small bowl, whisk together olive oil, red wine vinegar, Dijon mustard, honey, and chopped fresh parsley to make the dressing.\n3. Pour the dressing over the salad ingredients and toss gently to coat.\n4. Season with salt and pepper to taste.\n5. Serve chilled.\n6. Enjoy!', 'Lunch', 'Side Dish', NULL),
(29, 1, 'Vegetarian Stuffed Peppers', 'Delicious vegetarian dish with bell peppers stuffed with a flavorful quinoa and vegetable mixture.', '7toae0nn.png', 10, 20, '1. Preheat the oven to 375°F (190°C).\n2. Cut the tops off the bell peppers and remove the seeds and membranes.\n3. In a large bowl, mix together cooked quinoa, black beans, corn kernels, and chopped cilantro.\n4. Stuff each bell pepper with the quinoa mixture.\n5. Place the stuffed peppers in a baking dish.\n6. Cover the baking dish with aluminum foil and bake for 25-30 minutes, or until the peppers are tender.\n7. Remove the foil and bake for an additional 5 minutes to brown the tops.\n8. Serve hot and enjoy!', 'Dinner', 'Main Dish', NULL),
(30, 1, 'Vegetarian Tacos', 'Delicious vegetarian tacos filled with black beans, corn, and bell peppers.', 'ij0zi3nq.png', 15, 20, '1. Heat olive oil in a skillet over medium heat.\n2. Add diced onions, bell peppers, and minced garlic. Cook until softened.\n3. Stir in black beans, corn, diced tomatoes, and taco seasoning. Cook for 5-7 minutes.\n4. Warm tortillas in a separate skillet.\n5. Spoon the bean mixture onto each tortilla.\n6. Top with shredded lettuce.\n7. Serve hot and enjoy!', 'Dinner', 'Main Dish', NULL),
(31, 1, 'Vegetarian Waldorf Salad', 'A refreshing and crunchy salad with apples, celery, walnuts, and a creamy dressing.', 'ol58rjg6.png', 15, 10, '1. In a large bowl, combine diced apples, sliced celery, chopped walnuts, and raisins.\n2. In a separate bowl, mix together Greek yogurt, honey, and lemon juice to make the dressing.\n3. Pour the dressing over the salad ingredients and toss until evenly coated.\n4. Serve chilled and enjoy!', 'Lunch', 'Side Dish', 'Salad and Salad Dressing'),
(32, 1, 'Lentil Bolognese', 'A hearty and flavorful vegetarian version of the classic Bolognese sauce made with lentils and tomatoes.', '6mvjq4pk.png', 15, 30, '1. Heat olive oil in a large skillet over medium heat.\n2. Add diced onions, carrots, and celery. Cook until softened.\n3. Stir in minced garlic and cook for another minute.\n4. Add dried lentils, crushed tomatoes, vegetable broth, and Italian seasoning. Bring to a simmer.\n5. Cover and cook for about 20 minutes, or until lentils are tender.\n6. Serve over cooked pasta of your choice.\n7. Garnish with fresh parsley and grated Parmesan cheese if desired.\n8. Enjoy!', 'Dinner', 'Main Dish', NULL),
(33, 1, 'Picadillo', 'A traditional Latin American dish made with ground beef, tomatoes, and spices, often served with rice.', '2x1l3hjm.png', 15, 25, '1. Heat olive oil in a skillet over medium heat.\n2. Add diced onions, bell peppers, and minced garlic. Cook until softened.\n3. Add ground beef and cook until browned.\n4. Stir in diced tomatoes, tomato sauce, olives, raisins, and spices.\n5. Simmer for about 15 minutes, or until the flavors meld together.\n6. Serve hot with rice or as desired.\n7. Enjoy!', 'Dinner', 'Main Dish', NULL),
(34, 1, 'Mediterranean Lentil Salad', 'A refreshing and nutritious salad featuring lentils, tomatoes, cucumbers, and feta cheese, dressed with a tangy vinaigrette.', 'rjxi9tip.png', 20, 15, '1. Cook lentils according to package instructions. Drain and let cool.\n2. In a large mixing bowl, combine cooked lentils, diced tomatoes, diced cucumbers, chopped red onion, crumbled feta cheese, and chopped parsley.\n3. In a small bowl, whisk together olive oil, lemon juice, red wine vinegar, minced garlic, dried oregano, salt, and black pepper to make the dressing.\n4. Pour the dressing over the salad and toss gently to coat.\n5. Serve immediately or refrigerate for later.\n6. Enjoy!', NULL, NULL, 'Salad and Salad Dressing'),
(35, 1, 'Spring Tortellini Salad', 'A vibrant salad featuring cheese tortellini, cherry tomatoes, baby spinach, and a lemon vinaigrette.', 'sltvrsun.png', 15, 10, '1. Cook tortellini according to package instructions. Drain and let cool.\n2. In a large mixing bowl, combine cooked tortellini, halved cherry tomatoes, baby spinach leaves, and sliced red onions.\n3. In a small bowl, whisk together olive oil, lemon juice, minced garlic, salt, and black pepper to make the dressing.\n4. Pour the dressing over the salad and toss gently to coat.\n5. Serve immediately or refrigerate for later.\n6. Enjoy!', NULL, NULL, 'Salad and Salad Dressing'),
(36, 1, 'Turkey Cutlets with Zucchini', 'Juicy turkey cutlets served with sautéed zucchini, perfect for a quick and healthy dinner.', 'b32b2i8s.png', 15, 15, '1. Season turkey cutlets with salt, pepper, and Italian seasoning.\n2. Heat olive oil in a skillet over medium-high heat.\n3. Cook turkey cutlets for 3-4 minutes per side, or until cooked through.\n4. Remove turkey cutlets from skillet and set aside.\n5. In the same skillet, add sliced zucchini and cook until tender.\n6. Serve turkey cutlets with sautéed zucchini.\n7. Enjoy!', 'Dinner', 'Main Dish', NULL),
(37, 1, 'Pasta Salad', 'A refreshing pasta salad packed with veggies, perfect for picnics and gatherings.', '3697vtqo.png', 20, 10, '1. Cook pasta according to package instructions.\n2. In a large bowl, combine cooked pasta, cherry tomatoes, cucumber, bell pepper, olives, and feta cheese.\n3. In a small bowl, whisk together olive oil, lemon juice, garlic, salt, and pepper to make the dressing.\n4. Pour dressing over pasta salad and toss to coat.\n5. Refrigerate for at least 30 minutes before serving.\n6. Enjoy!', NULL, 'Side Dish', 'Salad and Salad Dressing'),
(38, 1, 'Carrot Tortilla with Tuna Spread', 'A flavorful tortilla wrap filled with tuna spread and shredded carrots.', '8ni9iwg3.png', 10, 10, '1. In a bowl, mix together canned tuna, mayonnaise, chopped celery, and diced onions to make the tuna spread.\n2. Place a tortilla on a flat surface and spread the tuna mixture evenly on top.\n3. Sprinkle shredded carrots over the tuna spread.\n4. Roll up the tortilla tightly.\n5. Slice the rolled tortilla into halves or quarters.\n6. Serve and enjoy!', 'Lunch', 'Appetizer', NULL),
(39, 1, 'Bang Bang Shrimp Salad', 'A delicious salad featuring crispy shrimp tossed in a spicy mayo-based dressing.', 'fytwb94c.png', 20, 10, '1. In a bowl, mix together mayonnaise, sweet chili sauce, and Sriracha to make the dressing.\n2. Heat oil in a skillet over medium heat. Season shrimp with salt and pepper, then cook until golden brown and crispy, about 2-3 minutes per side.\n3. In a large bowl, toss mixed greens, sliced cucumbers, shredded carrots, and chopped green onions.\n4. Add cooked shrimp to the salad and drizzle with the prepared dressing.\n5. Toss everything together until evenly coated.\n6. Serve immediately and enjoy!', 'Lunch', 'Main Dish', 'Salad and Salad Dressing'),
(40, 1, 'Penne with Turkey', 'Delicious penne pasta served with seasoned turkey in a savory sauce.', 'o61vl6ja.png', 15, 20, '1. Cook penne pasta according to package instructions until al dente. Drain and set aside.\n2. In a skillet, heat olive oil over medium heat. Add minced garlic and cook until fragrant.\n3. Add ground turkey to the skillet and cook until browned.\n4. Season turkey with salt, pepper, and Italian seasoning.\n5. Pour marinara sauce over the turkey and let simmer for 5 minutes.\n6. Add cooked penne to the skillet and toss until pasta is evenly coated with the sauce.\n7. Serve hot and enjoy!', 'Dinner', 'Main Dish', NULL),
(41, 1, 'Beef and Beans Stir Fry', 'A flavorful stir-fry dish made with tender beef and crisp beans, perfect for a quick and satisfying dinner.', '24ks0fis.png', 15, 20, '1. In a bowl, marinate beef slices with soy sauce, sesame oil, and cornstarch for 15 minutes.\n2. Heat oil in a wok or skillet over high heat.\n3. Add marinated beef and stir-fry until browned. Remove beef from the wok and set aside.\n4. In the same wok, add sliced onions and cook until softened.\n5. Add green beans and stir-fry until tender-crisp.\n6. Return beef to the wok and stir to combine with the vegetables.\n7. Season with salt, pepper, and any additional soy sauce if needed.\n8. Serve hot and enjoy!', 'Dinner', 'Main Dish', NULL),
(42, 1, 'Air Fryer Fajitas', 'Quick and easy fajitas made in the air fryer, packed with flavor and perfect for a weeknight dinner.', 'ngsd8sgb.png', 15, 20, '1. Preheat the air fryer to 400°F (200°C).\n2. Slice bell peppers and onions into strips.\n3. In a bowl, toss sliced bell peppers and onions with olive oil, chili powder, cumin, garlic powder, salt, and black pepper.\n4. Place the seasoned vegetables in the air fryer basket.\n5. Cook in the air fryer for 10-12 minutes, shaking the basket halfway through, until vegetables are tender and slightly charred.\n6. While vegetables are cooking, slice chicken breasts into strips.\n7. In another bowl, toss chicken strips with olive oil, chili powder, cumin, garlic powder, salt, and black pepper.\n8. Once the vegetables are done, remove them from the air fryer and set aside.\n9. Place the seasoned chicken strips in the air fryer basket.\n10. Cook in the air fryer for 8-10 minutes, shaking the basket halfway through, until chicken is cooked through.\n11. Serve the cooked chicken and vegetables in warm tortillas.\n12. Garnish with toppings such as salsa, sour cream, guacamole, and cilantro.\n13. Enjoy your air fryer fajitas!', 'Dinner', 'Main Dish', NULL);
-- --------------------------------------------------------

--
-- Cấu trúc bảng cho bảng `users`
--


CREATE TABLE `users` (
  `id` int NOT NULL PRIMARY KEY AUTO_INCREMENT,
  `username` varchar(50) CHARACTER SET utf8mb4 COLLATE utf8mb4_general_ci NOT NULL,
  `password` varchar(255) CHARACTER SET utf8mb4 COLLATE utf8mb4_general_ci NOT NULL,
  `first_Name` varchar(50) CHARACTER SET utf8mb4 COLLATE utf8mb4_general_ci DEFAULT NULL,
  `last_Name` varchar(50) CHARACTER SET utf8mb4 COLLATE utf8mb4_general_ci DEFAULT NULL,
  `date_of_birth` date DEFAULT NULL,
  `email` varchar(100) CHARACTER SET utf8mb4 COLLATE utf8mb4_general_ci NOT NULL,
  `gender` enum('Male','Female','Other') CHARACTER SET utf8mb4 COLLATE utf8mb4_general_ci DEFAULT NULL,
  `level` enum('1','2','3','4') CHARACTER SET utf8mb4 COLLATE utf8mb4_general_ci NOT NULL
) ENGINE=InnoDB DEFAULT CHARSET=utf8mb4 COLLATE=utf8mb4_general_ci;
COMMIT;
--
-- Chỉ mục cho các bảng đã đổ
--

--
-- Chỉ mục cho bảng `ingredients`
--
ALTER TABLE `ingredients`
  ADD PRIMARY KEY (`id`);

--
-- Chỉ mục cho bảng `ingredient_recipe`
--
ALTER TABLE `ingredient_recipe`
  ADD KEY `ingredient_id` (`ingredient_id`),
  ADD KEY `recipe_id` (`recipe_id`);

--
-- Chỉ mục cho bảng `recipes`
--
ALTER TABLE `recipes`
  ADD PRIMARY KEY (`id`);

--
-- AUTO_INCREMENT cho các bảng đã đổ
--

--
-- AUTO_INCREMENT cho bảng `ingredients`
--
ALTER TABLE `ingredients`
  MODIFY `id` int NOT NULL AUTO_INCREMENT, AUTO_INCREMENT=325;

--
-- AUTO_INCREMENT cho bảng `recipes`
--
ALTER TABLE `recipes`
  MODIFY `id` int NOT NULL AUTO_INCREMENT, AUTO_INCREMENT=43;

--
-- Các ràng buộc cho các bảng đã đổ
--

--
-- Các ràng buộc cho bảng `ingredient_recipe`
--
ALTER TABLE `ingredient_recipe`
  ADD CONSTRAINT `ingredient_recipe_ibfk_1` FOREIGN KEY (`ingredient_id`) REFERENCES `ingredients` (`id`),
  ADD CONSTRAINT `ingredient_recipe_ibfk_2` FOREIGN KEY (`recipe_id`) REFERENCES `recipes` (`id`);
COMMIT;

/*!40101 SET CHARACTER_SET_CLIENT=@OLD_CHARACTER_SET_CLIENT */;
/*!40101 SET CHARACTER_SET_RESULTS=@OLD_CHARACTER_SET_RESULTS */;
/*!40101 SET COLLATION_CONNECTION=@OLD_COLLATION_CONNECTION */;
